CompanyInArticle,SL
CompanyInArticle,Teliasonera
CompanyInArticle,Finska Staten
CompanyInArticle,SVP Worldwide
CompanyInArticle,Husqvarna
CompanyInArticle,Flens kommun
CompanyInArticle,VRK
CompanyInArticle,Sida
CompanyInArticle,Hiab
CompanyInArticle,Sodersjukhuset
CompanyInArticle,Assa Abloy
CompanyInArticle,Byggkoncern Polen
CompanyInArticle,Helsingforsregionens miljotjanster
CompanyInArticle,Virtamed
CompanyInArticle,Myndighetssverige
CompanyInArticle,Troax
CompanyInArticle,Sportfiskarna
CompanyInArticle,Region Stockholm
CompanyInArticle,Sveriges Riksdag
CompanyInArticle,Roxtec
CompanyInArticle,Stockholms Stad
CompanyInArticle,lansforsakringar
CompanyInArticle,Anicura
CompanyInArticle,Internetstiftelsen
CompanyInArticle,Swims
CompanyInArticle,SVT
CompanyInArticle,White arkitekter
CompanyInArticle,Arla
CompanyInArticle,Forsvarsmakten
CompanyInArticle,Kappahl
CompanyInArticle,Fastighetsbyran
CompanyInArticle,Amnesty
CompanyInArticle,Swedish Life Cycle Center
CompanyInArticle,Akademibokhandeln
CompanyInArticle,Libero
CompanyInArticle,Liber
CompanyInArticle,Destination Uppsala
CompanyInArticle,Liseberg
CompanyInArticle,AMF Fastigheter
CompanyInArticle,Givewatts
CompanyInArticle,Libresse
CompanyInArticle,Svenska Fotbollsforbundet
CompanyInArticle,Galderma
CompanyInArticle,War on cancer
CompanyInArticle,Grieg seafood
CompanyInArticle,Nynashamns kommun
CompanyInArticle,VGR
CompanyInArticle,Nordic Green Energy
CompanyInArticle,Feelgood
CompanyInArticle,Statens Veterinarmedicinska Anstalt
CompanyInArticle,Aisab
CompanyInArticle,Ramudden
CompanyInArticle,Uppsala kommun
CompanyInArticle,Inera
CompanyInArticle,Ratsit
CompanyInArticle,Marqet
CompanyInArticle,Peppol3
CompanyInArticle,Ramundberget
CompanyInArticle,Weum
CompanyInArticle,Vastra Gotalands lan
CompanyInArticle,Foretagarna
CompanyInArticle,SOS Alarm
CompanyInArticle,Folktandvarden Stockholm
CompanyInArticle,St Eriks ogonsjukhus
CompanyInArticle,Stockholms lans sjukvardomrade
CompanyInArticle,Peppol
CompanyInArticle,Samhall
CompanyInArticle,Tekniska Verken
CompanyInArticle,Bokhandelsgruppen
CompanyInArticle,Automotive
CompanyInArticle,Trafikverket
CompanyInArticle,Eon
CompanyInArticle,Skandia
CompanyInArticle,Stadsholmen
CompanyInArticle,Boob Design
CompanyInArticle,Kraftens hus
CompanyInArticle,Folktandvarden Skane
CompanyInArticle,Varmdo kommun
CompanyInArticle,Fastighetsagarna
CompanyInArticle,Falbygdens Energi
CompanyInArticle,Semler
CompanyInArticle,Norsirk
CompanyInArticle,Entercard
CompanyInArticle,Supra
CompanyInArticle,Help2help
CompanyInArticle,Bjorn Borg
CompanyInArticle,Toyota material handling
CompanyInArticle,Bostadsbolag
CompanyInArticle,Telenor
CompanyInArticle,Craft
CompanyInArticle,Jula
CompanyInArticle,Alands Landskapsregering
CompanyInArticle,Tiohundra
CompanyInArticle,Winningtemp
CompanyInArticle,Rattsmedicinalverket
CompanyInArticle,If metall
CompanyInArticle,Kronhusbodarna
CompanyInArticle,Vagabond
CompanyInArticle,Stockholm vatten
CompanyInArticle,NilsonGroup
CompanyInArticle,Scor sweden re
CompanyInArticle,Tv2
CompanyInArticle,Synoptik
CompanyInArticle,BNO
CompanyInArticle,Talkmore
CompanyInArticle,The consumer ombudsman and the market council
CompanyInArticle,Sylvsmidja
CompanyInArticle,Inventura
CompanyInArticle,Umea Energi
CompanyInArticle,Monobank
CompanyInArticle,p4
CompanyInArticle,Botkyrka kommun
CompanyInArticle,Domstolsverket
CompanyInArticle,Tele2
CompanyInArticle,Trafikskadenamnden
CompanyInArticle,Brandkaren Attunda
CompanyInArticle,Landshypotek bank
CompanyInArticle,Fujicolor
CompanyInArticle,Rikstv
CompanyInArticle,Steel
CompanyInArticle,Oslo kommune
CompanyInArticle,Svenska bankforeningen
CompanyInArticle,Op Pohjola Group
CompanyInArticle,Enkla elbolaget
CompanyInArticle,Orsted
CompanyInArticle,Vasttrafik
CompanyInArticle,Statkraft
CompanyInArticle,DNB bank
CompanyInArticle,Obos banken
CompanyInArticle,Transdev
CompanyInArticle,Statens Maritima Museer
CompanyInArticle,Santander Consumer Bank
CompanyInArticle,Ejendals
