CompanyCity,Arendal
CompanyCity,Bergen
CompanyCity,Borlänge
CompanyCity,Bremen
CompanyCity,Bydgoszcz
CompanyCity,Gävle
CompanyCity,Gothenburg
CompanyCity,Helsingborg
CompanyCity,Helsinki
CompanyCity,Jönköping
CompanyCity,Karlskrona
CompanyCity,Karlstad
CompanyCity,Kristiansand
CompanyCity,Copenhagen
CompanyCity,Linköping
CompanyCity,Łódź
CompanyCity,Luleå
CompanyCity,Lund
CompanyCity,Malmö
CompanyCity,Oslo
CompanyCity,Stavanger
CompanyCity,Stockholm
CompanyCity,Sundsvall
CompanyCity,Tammerfors
CompanyCity,Trondheim
CompanyCity,Umeå
CompanyCity,Uppsala
CompanyCity,Warszawa
CompanyCity,Åbo
CompanyCity,Aarhus
CompanyCity,Örebro
CompanyCity,Östersund
