ArticleTag,Automobile,Car,Vehicle,Cars
ArticleTag,Google Analytics
ArticleTag,Adobe Analytics
ArticleTag,Volkswagen,VW
ArticleTag,Impact Mapping,IM
ArticleTag,Phone,Telephone,Mobile
ArticleTag,Tele2
ArticleTag,Episerver
ArticleTag,Website,Site,Websites
ArticleTag,Backend,Server
ArticleTag,Frontend
ArticleTag,Website,Site
ArticleTag,Image,Image,Images,Picture,Pictures
ArticleTag,App,Application
ArticleTag,Photography,Photo
ArticleTag,Television,TV,Video
ArticleTag,Media
ArticleTag,IT
ArticleTag,User Experience,UX,Ease of use
ArticleTag,Intranet
ArticleTag,Analytics
